{
  "model_name": "random_forest",
  "metrics": {
    "MAE": 42.81486544108394,
    "RMSE": 140.43517865069597,
    "MAPE": 6.106668105616777,
    "R2": 0.9030270641484087,
    "CV_RMSE_mean": 120.64988939284562,
    "CV_RMSE_std": 20.51072118035954,
    "train_seconds": 6.12
  },
  "feature_columns": [
    "Product",
    "Country",
    "Channel",
    "Discount_Pct",
    "Price_per_Box",
    "Marketing_Spend",
    "Boxes_Shipped",
    "Year",
    "Month",
    "Quarter"
  ],
  "target_column": "Amount",
  "trained_at": "2026-06-24T11:29:37.753309+00:00"
}